web-scraper-order,web-scraper-start-url,professors,professors-href
"1740065376-1","https://guiadocent.urv.cat/guido/public/centres/498/ensenyaments/3542/assignatures/116741/guia_docent","Coca Sánchez,  Javier","http://www.urv.cat/html/docencia-per-centre/general-I41573.php"
"1740065376-2","https://guiadocent.urv.cat/guido/public/centres/498/ensenyaments/3542/assignatures/116741/guia_docent","Soria Leyva,  Eddy","http://www.urv.cat/html/docencia-per-centre/general-I96180.php"
"1740065413-3","https://guiadocent.urv.cat/guido/public/centres/494/ensenyaments/3563/assignatures/117282/guia_docent","López López,  Bernat","http://www.urv.cat/html/docencia-per-centre/general-I7347.php"
"1740065420-4","https://guiadocent.urv.cat/guido/public/centres/494/ensenyaments/3563/assignatures/117023/guia_docent","Gil Fargas,  Gerard","http://www.urv.cat/html/docencia-per-centre/general-I35709.php"
"1740065420-5","https://guiadocent.urv.cat/guido/public/centres/494/ensenyaments/3563/assignatures/117023/guia_docent","Mauri Estupiñà,  David","http://www.urv.cat/html/docencia-per-centre/general-I13561.php"
"1740065445-6","https://guiadocent.urv.cat/guido/public/centres/494/ensenyaments/3563/assignatures/117003/guia_docent","Gavalda Dattoli,  Elena","http://www.urv.cat/html/docencia-per-centre/general-I114713.php"
"1740065452-7","https://guiadocent.urv.cat/guido/public/centres/494/ensenyaments/3563/assignatures/117029/guia_docent","Araüna Baro,  Nuria","http://www.urv.cat/html/docencia-per-centre/general-I25327.php"
"1740065467-8","https://guiadocent.urv.cat/guido/public/centres/494/ensenyaments/3563/assignatures/117022/guia_docent","Oliveras Jané,  Neus","http://www.urv.cat/html/docencia-per-centre/general-I1788.php"
"1740065480-9","https://guiadocent.urv.cat/guido/public/centres/494/ensenyaments/3563/assignatures/117004/guia_docent","Hernández Fernández,  Alexander José","http://www.urv.cat/html/docencia-per-centre/general-I49230.php"
"1740065480-10","https://guiadocent.urv.cat/guido/public/centres/494/ensenyaments/3563/assignatures/117004/guia_docent","Lahoz Avendaño,  Ricard","http://www.urv.cat/html/docencia-per-centre/general-I14284.php"
"1740065493-11","https://guiadocent.urv.cat/guido/public/centres/494/ensenyaments/3561/assignatures/117283/guia_docent","López López,  Bernat","http://www.urv.cat/html/docencia-per-centre/general-I7347.php"
"1740065498-12","https://guiadocent.urv.cat/guido/public/centres/494/ensenyaments/3561/assignatures/117013/guia_docent","Gil Fargas,  Gerard","http://www.urv.cat/html/docencia-per-centre/general-I35709.php"
"1740065498-13","https://guiadocent.urv.cat/guido/public/centres/494/ensenyaments/3561/assignatures/117013/guia_docent","Mauri Estupiñà,  David","http://www.urv.cat/html/docencia-per-centre/general-I13561.php"
"1740065517-14","https://guiadocent.urv.cat/guido/public/centres/494/ensenyaments/3561/assignatures/117006/guia_docent","Gavalda Dattoli,  Elena","http://www.urv.cat/html/docencia-per-centre/general-I114713.php"
"1740065522-15","https://guiadocent.urv.cat/guido/public/centres/494/ensenyaments/3561/assignatures/117005/guia_docent","Araüna Baro,  Nuria","http://www.urv.cat/html/docencia-per-centre/general-I25327.php"
"1740065534-16","https://guiadocent.urv.cat/guido/public/centres/494/ensenyaments/3561/assignatures/117017/guia_docent","Oliveras Jané,  Neus","http://www.urv.cat/html/docencia-per-centre/general-I1788.php"
"1740065546-17","https://guiadocent.urv.cat/guido/public/centres/494/ensenyaments/3561/assignatures/117019/guia_docent","Hernández Fernández,  Alexander José","http://www.urv.cat/html/docencia-per-centre/general-I49230.php"
"1740065546-18","https://guiadocent.urv.cat/guido/public/centres/494/ensenyaments/3561/assignatures/117019/guia_docent","Lahoz Avendaño,  Ricard","http://www.urv.cat/html/docencia-per-centre/general-I14284.php"
"1740065559-19","https://guiadocent.urv.cat/guido/public/centres/494/ensenyaments/3562/assignatures/117281/guia_docent","López López,  Bernat","http://www.urv.cat/html/docencia-per-centre/general-I7347.php"
"1740065564-20","https://guiadocent.urv.cat/guido/public/centres/494/ensenyaments/3562/assignatures/117001/guia_docent","Gil Fargas,  Gerard","http://www.urv.cat/html/docencia-per-centre/general-I35709.php"
"1740065564-21","https://guiadocent.urv.cat/guido/public/centres/494/ensenyaments/3562/assignatures/117001/guia_docent","Mauri Estupiñà,  David","http://www.urv.cat/html/docencia-per-centre/general-I13561.php"
"1740065581-22","https://guiadocent.urv.cat/guido/public/centres/494/ensenyaments/3562/assignatures/117002/guia_docent","Gavalda Dattoli,  Elena","http://www.urv.cat/html/docencia-per-centre/general-I114713.php"
"1740065587-23","https://guiadocent.urv.cat/guido/public/centres/494/ensenyaments/3562/assignatures/117024/guia_docent","Araüna Baro,  Nuria","http://www.urv.cat/html/docencia-per-centre/general-I25327.php"
"1740065598-24","https://guiadocent.urv.cat/guido/public/centres/494/ensenyaments/3562/assignatures/117020/guia_docent","Oliveras Jané,  Neus","http://www.urv.cat/html/docencia-per-centre/general-I1788.php"
"1740065609-25","https://guiadocent.urv.cat/guido/public/centres/494/ensenyaments/3562/assignatures/117009/guia_docent","Hernández Fernández,  Alexander José","http://www.urv.cat/html/docencia-per-centre/general-I49230.php"
"1740065609-26","https://guiadocent.urv.cat/guido/public/centres/494/ensenyaments/3562/assignatures/117009/guia_docent","Lahoz Avendaño,  Ricard","http://www.urv.cat/html/docencia-per-centre/general-I14284.php"
"1740065621-27","https://guiadocent.urv.cat/guido/public/centres/494/ensenyaments/3484/assignatures/112509/guia_docent","Rosell Ardévol,  Jordi","http://www.urv.cat/html/docencia-per-centre/general-I2402.php"
"1740065656-28","https://guiadocent.urv.cat/guido/public/centres/494/ensenyaments/3484/assignatures/112508/guia_docent","Pujol Baiges,  Maria Cinta","http://www.urv.cat/html/docencia-per-centre/general-I11778.php"
"1740065681-29","https://guiadocent.urv.cat/guido/public/centres/494/ensenyaments/3484/assignatures/114908/guia_docent","Ollé Cañellas,  Andreu","http://www.urv.cat/html/docencia-per-centre/general-I7414.php"
"1740065681-30","https://guiadocent.urv.cat/guido/public/centres/494/ensenyaments/3484/assignatures/114908/guia_docent","Vergès Bosch,  Josep Maria","http://www.urv.cat/html/docencia-per-centre/general-I7415.php"
"1740065704-31","https://guiadocent.urv.cat/guido/public/centres/494/ensenyaments/3484/assignatures/112503/guia_docent","Carbonell Roura,  Eudald","http://www.urv.cat/html/docencia-per-centre/general-I568.php"
"1740065742-32","https://guiadocent.urv.cat/guido/public/centres/494/ensenyaments/3484/assignatures/115323/guia_docent","Morales Hidalgo,  Juan Ignacio","http://www.urv.cat/html/docencia-per-centre/general-I70095.php"
"1740065742-33","https://guiadocent.urv.cat/guido/public/centres/494/ensenyaments/3484/assignatures/115323/guia_docent","Vergès Bosch,  Josep Maria","http://www.urv.cat/html/docencia-per-centre/general-I7415.php"
"1740065757-34","https://guiadocent.urv.cat/guido/public/centres/494/ensenyaments/3484/assignatures/114028/guia_docent","Lozano Pérez,  Sergio","http://www.urv.cat/html/docencia-per-centre/general-I8944.php"
"1740065764-35","https://guiadocent.urv.cat/guido/public/centres/494/ensenyaments/3456/assignatures/114915/guia_docent","Rosell Ardévol,  Jordi","http://www.urv.cat/html/docencia-per-centre/general-I2402.php"
"1740065814-36","https://guiadocent.urv.cat/guido/public/centres/494/ensenyaments/3456/assignatures/113732/guia_docent","Pujol Baiges,  Maria Cinta","http://www.urv.cat/html/docencia-per-centre/general-I11778.php"
"1740065841-37","https://guiadocent.urv.cat/guido/public/centres/494/ensenyaments/3456/assignatures/112513/guia_docent","Ollé Cañellas,  Andreu","http://www.urv.cat/html/docencia-per-centre/general-I7414.php"
"1740065841-38","https://guiadocent.urv.cat/guido/public/centres/494/ensenyaments/3456/assignatures/112513/guia_docent","Vergès Bosch,  Josep Maria","http://www.urv.cat/html/docencia-per-centre/general-I7415.php"
"1740065852-39","https://guiadocent.urv.cat/guido/public/centres/494/ensenyaments/3456/assignatures/116597/guia_docent","Chacón Navarro,  María Gema","http://www.urv.cat/html/docencia-per-centre/general-I39832.php"
"1740065852-40","https://guiadocent.urv.cat/guido/public/centres/494/ensenyaments/3456/assignatures/116597/guia_docent","Huguet Pàmies,  Rosa","http://www.urv.cat/html/docencia-per-centre/general-I30004.php"
"1740065852-41","https://guiadocent.urv.cat/guido/public/centres/494/ensenyaments/3456/assignatures/116597/guia_docent","Lozano Ruiz,  Marina","http://www.urv.cat/html/docencia-per-centre/general-I10015.php"
"1740065852-42","https://guiadocent.urv.cat/guido/public/centres/494/ensenyaments/3456/assignatures/116597/guia_docent","López García,  Juan Manuel","http://www.urv.cat/html/docencia-per-centre/general-I13824.php"
"1740065852-43","https://guiadocent.urv.cat/guido/public/centres/494/ensenyaments/3456/assignatures/116597/guia_docent","Mosquera Martínez,  Marina","http://www.urv.cat/html/docencia-per-centre/general-I592.php"
"1740065852-44","https://guiadocent.urv.cat/guido/public/centres/494/ensenyaments/3456/assignatures/116597/guia_docent","Rodríguez Álvarez,  José Pedro","http://www.urv.cat/html/docencia-per-centre/general-I2289.php"
"1740065852-45","https://guiadocent.urv.cat/guido/public/centres/494/ensenyaments/3456/assignatures/116597/guia_docent","Sala Ramos,  Robert","http://www.urv.cat/html/docencia-per-centre/general-I1915.php"
"1740065852-46","https://guiadocent.urv.cat/guido/public/centres/494/ensenyaments/3456/assignatures/116597/guia_docent","Tornero Dacasa,  Carlos","http://www.urv.cat/html/docencia-per-centre/general-I65169.php"
"1740065852-47","https://guiadocent.urv.cat/guido/public/centres/494/ensenyaments/3456/assignatures/116597/guia_docent","Vaquero Rodríguez,  Manuel","http://www.urv.cat/html/docencia-per-centre/general-I2296.php"
"1740065876-48","https://guiadocent.urv.cat/guido/public/centres/494/ensenyaments/3456/assignatures/114912/guia_docent","Carbonell Roura,  Eudald","http://www.urv.cat/html/docencia-per-centre/general-I568.php"
"1740065889-49","https://guiadocent.urv.cat/guido/public/centres/494/ensenyaments/3546/assignatures/116754/guia_docent","Rosell Ardévol,  Jordi","http://www.urv.cat/html/docencia-per-centre/general-I2402.php"
"1740065938-50","https://guiadocent.urv.cat/guido/public/centres/494/ensenyaments/3546/assignatures/116869/guia_docent","Pujol Baiges,  Maria Cinta","http://www.urv.cat/html/docencia-per-centre/general-I11778.php"
"1740065969-51","https://guiadocent.urv.cat/guido/public/centres/494/ensenyaments/3546/assignatures/116814/guia_docent","Ollé Cañellas,  Andreu","http://www.urv.cat/html/docencia-per-centre/general-I7414.php"
"1740065969-52","https://guiadocent.urv.cat/guido/public/centres/494/ensenyaments/3546/assignatures/116814/guia_docent","Vergès Bosch,  Josep Maria","http://www.urv.cat/html/docencia-per-centre/general-I7415.php"
"1740066000-53","https://guiadocent.urv.cat/guido/public/centres/494/ensenyaments/3546/assignatures/116812/guia_docent","Carbonell Roura,  Eudald","http://www.urv.cat/html/docencia-per-centre/general-I568.php"
"1740066030-54","https://guiadocent.urv.cat/guido/public/centres/494/ensenyaments/3546/assignatures/116748/guia_docent","Morales Hidalgo,  Juan Ignacio","http://www.urv.cat/html/docencia-per-centre/general-I70095.php"
"1740066030-55","https://guiadocent.urv.cat/guido/public/centres/494/ensenyaments/3546/assignatures/116748/guia_docent","Vergès Bosch,  Josep Maria","http://www.urv.cat/html/docencia-per-centre/general-I7415.php"
"1740066041-56","https://guiadocent.urv.cat/guido/public/centres/494/ensenyaments/3546/assignatures/116870/guia_docent","Lozano Pérez,  Sergio","http://www.urv.cat/html/docencia-per-centre/general-I8944.php"
"1740066047-57","https://guiadocent.urv.cat/guido/public/centres/497/ensenyaments/3550/assignatures/117266/guia_docent","Abellán Hernández,  Elisa","http://www.urv.cat/html/docencia-per-centre/general-I9010.php"
"1740066100-58","https://guiadocent.urv.cat/guido/public/centres/497/ensenyaments/3550/assignatures/116873/guia_docent","Maldonado Fernández,  Maria Teresa","http://www.urv.cat/html/docencia-per-centre/general-I114274.php"
"1740066112-59","https://guiadocent.urv.cat/guido/public/centres/497/ensenyaments/3550/assignatures/116872/guia_docent","Barrera ,  Marcelo Silvio","http://www.urv.cat/html/docencia-per-centre/general-I85480.php"
"1740066130-60","https://guiadocent.urv.cat/guido/public/centres/497/ensenyaments/3550/assignatures/116890/guia_docent","Gheondea-Eladi ,  Alexandra","http://www.urv.cat/html/docencia-per-centre/general-I81111.php"
"1740066142-61","https://guiadocent.urv.cat/guido/public/centres/497/ensenyaments/3550/assignatures/116777/guia_docent","Cardenas Morell,  Neus","http://www.urv.cat/html/docencia-per-centre/general-I12277.php"
"1740066142-62","https://guiadocent.urv.cat/guido/public/centres/497/ensenyaments/3550/assignatures/116777/guia_docent","García Moreno,  Cristina","http://www.urv.cat/html/docencia-per-centre/general-I9472.php"
"1740066148-63","https://guiadocent.urv.cat/guido/public/centres/497/ensenyaments/3550/assignatures/116744/guia_docent","Arca Míguez,  Juan Manuel","http://www.urv.cat/html/docencia-per-centre/general-I76469.php"
"1740066154-64","https://guiadocent.urv.cat/guido/public/centres/497/ensenyaments/3550/assignatures/116759/guia_docent","Offenhenden ,  Maria","http://www.urv.cat/html/docencia-per-centre/general-I37417.php"
"1740066154-65","https://guiadocent.urv.cat/guido/public/centres/497/ensenyaments/3550/assignatures/116759/guia_docent","Pérez Hernández,  Ervin Francisco Eugenio","http://www.urv.cat/html/docencia-per-centre/general-I105153.php"
"1740066160-66","https://guiadocent.urv.cat/guido/public/centres/497/ensenyaments/3489/assignatures/117123/guia_docent","Adan Domenech,  Federico","http://www.urv.cat/html/docencia-per-centre/general-I7055.php"
"1740066160-67","https://guiadocent.urv.cat/guido/public/centres/497/ensenyaments/3489/assignatures/117123/guia_docent","Esteve Izquierdo,  Judit","http://www.urv.cat/html/docencia-per-centre/general-I21946.php"
"1740066160-68","https://guiadocent.urv.cat/guido/public/centres/497/ensenyaments/3489/assignatures/117123/guia_docent","Garayalde Martin,  Elena","http://www.urv.cat/html/docencia-per-centre/general-I48408.php"
"1740066160-69","https://guiadocent.urv.cat/guido/public/centres/497/ensenyaments/3489/assignatures/117123/guia_docent","Jiménez González,  José Antonio","http://www.urv.cat/html/docencia-per-centre/general-I71192.php"
"1740066160-70","https://guiadocent.urv.cat/guido/public/centres/497/ensenyaments/3489/assignatures/117123/guia_docent","Morell Calvo,  Miriam","http://www.urv.cat/html/docencia-per-centre/general-I23204.php"
"1740066160-71","https://guiadocent.urv.cat/guido/public/centres/497/ensenyaments/3489/assignatures/117123/guia_docent","Ortiz Castellón,  Josep Eduard","http://www.urv.cat/html/docencia-per-centre/general-I31564.php"
"1740066160-72","https://guiadocent.urv.cat/guido/public/centres/497/ensenyaments/3489/assignatures/117123/guia_docent","Pla Bel,  Rosa Maria","http://www.urv.cat/html/docencia-per-centre/general-I75930.php"
"1740066160-73","https://guiadocent.urv.cat/guido/public/centres/497/ensenyaments/3489/assignatures/117123/guia_docent","Ribas Moreno,  Gloria","http://www.urv.cat/html/docencia-per-centre/general-I7209.php"
"1740066177-74","https://guiadocent.urv.cat/guido/public/centres/497/ensenyaments/3489/assignatures/113043/guia_docent","Escoda Royo,  Francisco Javier","http://www.urv.cat/html/docencia-per-centre/general-I72973.php"
"1740066177-75","https://guiadocent.urv.cat/guido/public/centres/497/ensenyaments/3489/assignatures/113043/guia_docent","Ferrer Ferré,  Carles","http://www.urv.cat/html/docencia-per-centre/general-I72976.php"
"1740066177-76","https://guiadocent.urv.cat/guido/public/centres/497/ensenyaments/3489/assignatures/113043/guia_docent","García Parla,  María","http://www.urv.cat/html/docencia-per-centre/general-I72809.php"
"1740066177-77","https://guiadocent.urv.cat/guido/public/centres/497/ensenyaments/3489/assignatures/113043/guia_docent","Grau Ferrer,  Oscar","http://www.urv.cat/html/docencia-per-centre/general-I111021.php"
"1740066177-78","https://guiadocent.urv.cat/guido/public/centres/497/ensenyaments/3489/assignatures/113043/guia_docent","Macías Perianes,  Aitor","http://www.urv.cat/html/docencia-per-centre/general-I72975.php"
"1740066177-79","https://guiadocent.urv.cat/guido/public/centres/497/ensenyaments/3489/assignatures/113043/guia_docent","Olive Elias,  Maria","http://www.urv.cat/html/docencia-per-centre/general-I12665.php"
"1740066177-80","https://guiadocent.urv.cat/guido/public/centres/497/ensenyaments/3489/assignatures/113043/guia_docent","Ortega Perez,  Arturo","http://www.urv.cat/html/docencia-per-centre/general-I638.php"
"1740066177-81","https://guiadocent.urv.cat/guido/public/centres/497/ensenyaments/3489/assignatures/113043/guia_docent","Perea Arroyo,  Manuela","http://www.urv.cat/html/docencia-per-centre/general-I93415.php"
"1740066177-82","https://guiadocent.urv.cat/guido/public/centres/497/ensenyaments/3489/assignatures/113043/guia_docent","Rodríguez Tor,  Inés Amparo","http://www.urv.cat/html/docencia-per-centre/general-I114033.php"
"1740066177-83","https://guiadocent.urv.cat/guido/public/centres/497/ensenyaments/3489/assignatures/113043/guia_docent","Suárez Bello,  Ana María","http://www.urv.cat/html/docencia-per-centre/general-I72977.php"
"1740066177-84","https://guiadocent.urv.cat/guido/public/centres/497/ensenyaments/3489/assignatures/113043/guia_docent","Suárez Reyes,  David","http://www.urv.cat/html/docencia-per-centre/general-I78530.php"
"1740066183-85","https://guiadocent.urv.cat/guido/public/centres/497/ensenyaments/3489/assignatures/114991/guia_docent","Escoda Royo,  Francisco Javier","http://www.urv.cat/html/docencia-per-centre/general-I72973.php"
"1740066183-86","https://guiadocent.urv.cat/guido/public/centres/497/ensenyaments/3489/assignatures/114991/guia_docent","Ferrer Ferré,  Carles","http://www.urv.cat/html/docencia-per-centre/general-I72976.php"
"1740066183-87","https://guiadocent.urv.cat/guido/public/centres/497/ensenyaments/3489/assignatures/114991/guia_docent","Fort Robert,  Gerard","http://www.urv.cat/html/docencia-per-centre/general-I21261.php"
"1740066183-88","https://guiadocent.urv.cat/guido/public/centres/497/ensenyaments/3489/assignatures/114991/guia_docent","García Parla,  María","http://www.urv.cat/html/docencia-per-centre/general-I72809.php"
"1740066183-89","https://guiadocent.urv.cat/guido/public/centres/497/ensenyaments/3489/assignatures/114991/guia_docent","Grau Ferrer,  Oscar","http://www.urv.cat/html/docencia-per-centre/general-I111021.php"
"1740066183-90","https://guiadocent.urv.cat/guido/public/centres/497/ensenyaments/3489/assignatures/114991/guia_docent","López Cardús,  Maria Cinta","http://www.urv.cat/html/docencia-per-centre/general-I53769.php"
"1740066183-91","https://guiadocent.urv.cat/guido/public/centres/497/ensenyaments/3489/assignatures/114991/guia_docent","Morell Calvo,  Miriam","http://www.urv.cat/html/docencia-per-centre/general-I23204.php"
"1740066183-92","https://guiadocent.urv.cat/guido/public/centres/497/ensenyaments/3489/assignatures/114991/guia_docent","Perea Arroyo,  Manuela","http://www.urv.cat/html/docencia-per-centre/general-I93415.php"
"1740066183-93","https://guiadocent.urv.cat/guido/public/centres/497/ensenyaments/3489/assignatures/114991/guia_docent","Pujol Andrés,  Sònia","http://www.urv.cat/html/docencia-per-centre/general-I92533.php"
"1740066183-94","https://guiadocent.urv.cat/guido/public/centres/497/ensenyaments/3489/assignatures/114991/guia_docent","Rodríguez Tor,  Inés Amparo","http://www.urv.cat/html/docencia-per-centre/general-I114033.php"
"1740066183-95","https://guiadocent.urv.cat/guido/public/centres/497/ensenyaments/3489/assignatures/114991/guia_docent","Torres Rosell,  Núria","http://www.urv.cat/html/docencia-per-centre/general-I16895.php"
"1740066188-96","https://guiadocent.urv.cat/guido/public/centres/497/ensenyaments/3489/assignatures/114562/guia_docent","Arribas Solanas,  José Ignacio","http://www.urv.cat/html/docencia-per-centre/general-I7379.php"
"1740066188-97","https://guiadocent.urv.cat/guido/public/centres/497/ensenyaments/3489/assignatures/114562/guia_docent","Artero Juan,  Francesc Josep","http://www.urv.cat/html/docencia-per-centre/general-I9574.php"
"1740066188-98","https://guiadocent.urv.cat/guido/public/centres/497/ensenyaments/3489/assignatures/114562/guia_docent","Esteve Izquierdo,  Judit","http://www.urv.cat/html/docencia-per-centre/general-I21946.php"
"1740066188-99","https://guiadocent.urv.cat/guido/public/centres/497/ensenyaments/3489/assignatures/114562/guia_docent","Font Monclús,  Joan Anton","http://www.urv.cat/html/docencia-per-centre/general-I11339.php"
"1740066188-100","https://guiadocent.urv.cat/guido/public/centres/497/ensenyaments/3489/assignatures/114562/guia_docent","Marfà Florensa,  María Alba","http://www.urv.cat/html/docencia-per-centre/general-I61210.php"
"1740066188-101","https://guiadocent.urv.cat/guido/public/centres/497/ensenyaments/3489/assignatures/114562/guia_docent","Mora Alarcón,  Luis Miguel","http://www.urv.cat/html/docencia-per-centre/general-I53772.php"
"1740066188-102","https://guiadocent.urv.cat/guido/public/centres/497/ensenyaments/3489/assignatures/114562/guia_docent","Rodríguez Beas,  Marina","http://www.urv.cat/html/docencia-per-centre/general-I26933.php"
"1740066188-103","https://guiadocent.urv.cat/guido/public/centres/497/ensenyaments/3489/assignatures/114562/guia_docent","Sabaté Vidal,  Josep Maria","http://www.urv.cat/html/docencia-per-centre/general-I7619.php"
"1740066194-104","https://guiadocent.urv.cat/guido/public/centres/497/ensenyaments/3489/assignatures/114564/guia_docent","Adan Domenech,  Federico","http://www.urv.cat/html/docencia-per-centre/general-I7055.php"
"1740066194-105","https://guiadocent.urv.cat/guido/public/centres/497/ensenyaments/3489/assignatures/114564/guia_docent","Fort Robert,  Gerard","http://www.urv.cat/html/docencia-per-centre/general-I21261.php"
"1740066194-106","https://guiadocent.urv.cat/guido/public/centres/497/ensenyaments/3489/assignatures/114564/guia_docent","Sagrera Vilaplana,  Vicent","http://www.urv.cat/html/docencia-per-centre/general-I53773.php"
"1740066194-107","https://guiadocent.urv.cat/guido/public/centres/497/ensenyaments/3489/assignatures/114564/guia_docent","Suárez Reyes,  David","http://www.urv.cat/html/docencia-per-centre/general-I78530.php"
"1740066201-108","https://guiadocent.urv.cat/guido/public/centres/497/ensenyaments/3489/assignatures/114563/guia_docent","Ballester Azpitarte,  Leticia","http://www.urv.cat/html/docencia-per-centre/general-I71269.php"
"1740066201-109","https://guiadocent.urv.cat/guido/public/centres/497/ensenyaments/3489/assignatures/114563/guia_docent","Cairo Valdivia,  Marcelo","http://www.urv.cat/html/docencia-per-centre/general-I111499.php"
"1740066201-110","https://guiadocent.urv.cat/guido/public/centres/497/ensenyaments/3489/assignatures/114563/guia_docent","Cases Blanch,  Carles","http://www.urv.cat/html/docencia-per-centre/general-I99813.php"
"1740066201-111","https://guiadocent.urv.cat/guido/public/centres/497/ensenyaments/3489/assignatures/114563/guia_docent","Diez I Besora,  Josep Lluís","http://www.urv.cat/html/docencia-per-centre/general-I18540.php"
"1740066201-112","https://guiadocent.urv.cat/guido/public/centres/497/ensenyaments/3489/assignatures/114563/guia_docent","Franquet Sugrañes,  Maria Teresa","http://www.urv.cat/html/docencia-per-centre/general-I7057.php"
"1740066201-113","https://guiadocent.urv.cat/guido/public/centres/497/ensenyaments/3489/assignatures/114563/guia_docent","Martinez Núñez,  Irene Sofía","http://www.urv.cat/html/docencia-per-centre/general-I57150.php"
"1740066201-114","https://guiadocent.urv.cat/guido/public/centres/497/ensenyaments/3489/assignatures/114563/guia_docent","Martinez Ruiz,  Juan Antonio","http://www.urv.cat/html/docencia-per-centre/general-I13630.php"
"1740066201-115","https://guiadocent.urv.cat/guido/public/centres/497/ensenyaments/3489/assignatures/114563/guia_docent","Piedra Arjona,  Jorge","http://www.urv.cat/html/docencia-per-centre/general-I73955.php"
"1740066201-116","https://guiadocent.urv.cat/guido/public/centres/497/ensenyaments/3489/assignatures/114563/guia_docent","Pérez Andreu,  Xavier","http://www.urv.cat/html/docencia-per-centre/general-I7424.php"
"1740066201-117","https://guiadocent.urv.cat/guido/public/centres/497/ensenyaments/3489/assignatures/114563/guia_docent","Rivas Nieto,  María Estela","http://www.urv.cat/html/docencia-per-centre/general-I7370.php"
"1740066201-118","https://guiadocent.urv.cat/guido/public/centres/497/ensenyaments/3489/assignatures/114563/guia_docent","Tua López,  Javier","http://www.urv.cat/html/docencia-per-centre/general-I16637.php"
"1740066207-119","https://guiadocent.urv.cat/guido/public/centres/497/ensenyaments/3489/assignatures/114561/guia_docent","Cairo Valdivia,  Marcelo","http://www.urv.cat/html/docencia-per-centre/general-I111499.php"
"1740066207-120","https://guiadocent.urv.cat/guido/public/centres/497/ensenyaments/3489/assignatures/114561/guia_docent","Castells Escurriola,  Inmaculada","http://www.urv.cat/html/docencia-per-centre/general-I79169.php"
"1740066207-121","https://guiadocent.urv.cat/guido/public/centres/497/ensenyaments/3489/assignatures/114561/guia_docent","Escoda Royo,  Francisco Javier","http://www.urv.cat/html/docencia-per-centre/general-I72973.php"
"1740066207-122","https://guiadocent.urv.cat/guido/public/centres/497/ensenyaments/3489/assignatures/114561/guia_docent","Fort Robert,  Gerard","http://www.urv.cat/html/docencia-per-centre/general-I21261.php"
"1740066207-123","https://guiadocent.urv.cat/guido/public/centres/497/ensenyaments/3489/assignatures/114561/guia_docent","Lobato Gómez,  Lidia","http://www.urv.cat/html/docencia-per-centre/general-I108353.php"
"1740066207-124","https://guiadocent.urv.cat/guido/public/centres/497/ensenyaments/3489/assignatures/114561/guia_docent","Penalba Sánchez,  Cristina","http://www.urv.cat/html/docencia-per-centre/general-I77136.php"
"1740066207-125","https://guiadocent.urv.cat/guido/public/centres/497/ensenyaments/3489/assignatures/114561/guia_docent","Sagrera Vilaplana,  Vicent","http://www.urv.cat/html/docencia-per-centre/general-I53773.php"
"1740066213-126","https://guiadocent.urv.cat/guido/public/centres/497/ensenyaments/3489/assignatures/115814/guia_docent","Cima Daudé,  Celia","http://www.urv.cat/html/docencia-per-centre/general-I68871.php"
"1740066213-127","https://guiadocent.urv.cat/guido/public/centres/497/ensenyaments/3489/assignatures/115814/guia_docent","Garayalde Martin,  Elena","http://www.urv.cat/html/docencia-per-centre/general-I48408.php"
"1740066213-128","https://guiadocent.urv.cat/guido/public/centres/497/ensenyaments/3489/assignatures/115814/guia_docent","Garcia Miranda,  Joan","http://www.urv.cat/html/docencia-per-centre/general-I68875.php"
"1740066213-129","https://guiadocent.urv.cat/guido/public/centres/497/ensenyaments/3489/assignatures/115814/guia_docent","Martín Urbano,  Estela","http://www.urv.cat/html/docencia-per-centre/general-I52713.php"
"1740066213-130","https://guiadocent.urv.cat/guido/public/centres/497/ensenyaments/3489/assignatures/115814/guia_docent","Méndez Higuero,  Josefa","http://www.urv.cat/html/docencia-per-centre/general-I64549.php"
"1740066213-131","https://guiadocent.urv.cat/guido/public/centres/497/ensenyaments/3489/assignatures/115814/guia_docent","Salom Tejado,  Gerard","http://www.urv.cat/html/docencia-per-centre/general-I53755.php"
"1740066219-132","https://guiadocent.urv.cat/guido/public/centres/497/ensenyaments/3489/assignatures/115466/guia_docent","Anton Garcia,  Jordi","http://www.urv.cat/html/docencia-per-centre/general-I68876.php"
"1740066219-133","https://guiadocent.urv.cat/guido/public/centres/497/ensenyaments/3489/assignatures/115466/guia_docent","Besora López,  Ester","http://www.urv.cat/html/docencia-per-centre/general-I13219.php"
"1740066219-134","https://guiadocent.urv.cat/guido/public/centres/497/ensenyaments/3489/assignatures/115466/guia_docent","Cairo Valdivia,  Marcelo","http://www.urv.cat/html/docencia-per-centre/general-I111499.php"
"1740066219-135","https://guiadocent.urv.cat/guido/public/centres/497/ensenyaments/3489/assignatures/115466/guia_docent","Conde Olano,  Albert","http://www.urv.cat/html/docencia-per-centre/general-I79549.php"
"1740066219-136","https://guiadocent.urv.cat/guido/public/centres/497/ensenyaments/3489/assignatures/115466/guia_docent","Duran Casanova,  Susana","http://www.urv.cat/html/docencia-per-centre/general-I74752.php"
"1740066219-137","https://guiadocent.urv.cat/guido/public/centres/497/ensenyaments/3489/assignatures/115466/guia_docent","Escobar Juan,  Isabel","http://www.urv.cat/html/docencia-per-centre/general-I111501.php"
"1740066219-138","https://guiadocent.urv.cat/guido/public/centres/497/ensenyaments/3489/assignatures/115466/guia_docent","Fort Robert,  Gerard","http://www.urv.cat/html/docencia-per-centre/general-I21261.php"
"1740066219-139","https://guiadocent.urv.cat/guido/public/centres/497/ensenyaments/3489/assignatures/115466/guia_docent","Garrido Mata,  Jordi","http://www.urv.cat/html/docencia-per-centre/general-I111498.php"
"1740066219-140","https://guiadocent.urv.cat/guido/public/centres/497/ensenyaments/3489/assignatures/115466/guia_docent","Gutiérrez Martín,  Javier","http://www.urv.cat/html/docencia-per-centre/general-I74889.php"
"1740066219-141","https://guiadocent.urv.cat/guido/public/centres/497/ensenyaments/3489/assignatures/115466/guia_docent","Gómez Aixendri,  Susanna","http://www.urv.cat/html/docencia-per-centre/general-I111502.php"
"1740066219-142","https://guiadocent.urv.cat/guido/public/centres/497/ensenyaments/3489/assignatures/115466/guia_docent","Lanaspa Mainz,  David","http://www.urv.cat/html/docencia-per-centre/general-I28024.php"
"1740066219-143","https://guiadocent.urv.cat/guido/public/centres/497/ensenyaments/3489/assignatures/115466/guia_docent","Lando Candjimbu,  Pedro Francsico","http://www.urv.cat/html/docencia-per-centre/general-I77132.php"
"1740066219-144","https://guiadocent.urv.cat/guido/public/centres/497/ensenyaments/3489/assignatures/115466/guia_docent","Martinez Ruiz,  Juan Antonio","http://www.urv.cat/html/docencia-per-centre/general-I13630.php"
"1740066219-145","https://guiadocent.urv.cat/guido/public/centres/497/ensenyaments/3489/assignatures/115466/guia_docent","Olive Elias,  Maria","http://www.urv.cat/html/docencia-per-centre/general-I12665.php"
"1740066219-146","https://guiadocent.urv.cat/guido/public/centres/497/ensenyaments/3489/assignatures/115466/guia_docent","Sans Ballart,  Ramon Maria","http://www.urv.cat/html/docencia-per-centre/general-I53089.php"
"1740066219-147","https://guiadocent.urv.cat/guido/public/centres/497/ensenyaments/3489/assignatures/115466/guia_docent","Suárez Reyes,  David","http://www.urv.cat/html/docencia-per-centre/general-I78530.php"
"1740066224-148","https://guiadocent.urv.cat/guido/public/centres/497/ensenyaments/3489/assignatures/114145/guia_docent","Anton Garcia,  Jordi","http://www.urv.cat/html/docencia-per-centre/general-I68876.php"
"1740066224-149","https://guiadocent.urv.cat/guido/public/centres/497/ensenyaments/3489/assignatures/114145/guia_docent","Besora López,  Ester","http://www.urv.cat/html/docencia-per-centre/general-I13219.php"
"1740066224-150","https://guiadocent.urv.cat/guido/public/centres/497/ensenyaments/3489/assignatures/114145/guia_docent","Escobar Juan,  Isabel","http://www.urv.cat/html/docencia-per-centre/general-I111501.php"
"1740066224-151","https://guiadocent.urv.cat/guido/public/centres/497/ensenyaments/3489/assignatures/114145/guia_docent","Fuguet Carles,  Xènia","http://www.urv.cat/html/docencia-per-centre/general-I15302.php"
"1740066224-152","https://guiadocent.urv.cat/guido/public/centres/497/ensenyaments/3489/assignatures/114145/guia_docent","Garrido Mata,  Jordi","http://www.urv.cat/html/docencia-per-centre/general-I111498.php"
"1740066224-153","https://guiadocent.urv.cat/guido/public/centres/497/ensenyaments/3489/assignatures/114145/guia_docent","Gómez Aixendri,  Susanna","http://www.urv.cat/html/docencia-per-centre/general-I111502.php"
"1740066224-154","https://guiadocent.urv.cat/guido/public/centres/497/ensenyaments/3489/assignatures/114145/guia_docent","Muñoz Pérez,  Maria Jesús","http://www.urv.cat/html/docencia-per-centre/general-I111020.php"
"1740066224-155","https://guiadocent.urv.cat/guido/public/centres/497/ensenyaments/3489/assignatures/114145/guia_docent","Olive Elias,  Maria","http://www.urv.cat/html/docencia-per-centre/general-I12665.php"
"1740066224-156","https://guiadocent.urv.cat/guido/public/centres/497/ensenyaments/3489/assignatures/114145/guia_docent","Roca Lausen,  Víctor Manuel","http://www.urv.cat/html/docencia-per-centre/general-I72811.php"
"1740066224-157","https://guiadocent.urv.cat/guido/public/centres/497/ensenyaments/3489/assignatures/114145/guia_docent","Suárez Reyes,  David","http://www.urv.cat/html/docencia-per-centre/general-I78530.php"
"1740066230-158","https://guiadocent.urv.cat/guido/public/centres/497/ensenyaments/3489/assignatures/113042/guia_docent","Cairo Valdivia,  Marcelo","http://www.urv.cat/html/docencia-per-centre/general-I111499.php"
"1740066230-159","https://guiadocent.urv.cat/guido/public/centres/497/ensenyaments/3489/assignatures/113042/guia_docent","Faura Santmartín,  Xavier","http://www.urv.cat/html/docencia-per-centre/general-I100033.php"
"1740066230-160","https://guiadocent.urv.cat/guido/public/centres/497/ensenyaments/3489/assignatures/113042/guia_docent","Fuguet Carles,  Xènia","http://www.urv.cat/html/docencia-per-centre/general-I15302.php"
"1740066230-161","https://guiadocent.urv.cat/guido/public/centres/497/ensenyaments/3489/assignatures/113042/guia_docent","Garrido Mata,  Jordi","http://www.urv.cat/html/docencia-per-centre/general-I111498.php"
"1740066230-162","https://guiadocent.urv.cat/guido/public/centres/497/ensenyaments/3489/assignatures/113042/guia_docent","Martin Espinosa,  Elena","http://www.urv.cat/html/docencia-per-centre/general-I102453.php"
"1740066230-163","https://guiadocent.urv.cat/guido/public/centres/497/ensenyaments/3489/assignatures/113042/guia_docent","Suárez Reyes,  David","http://www.urv.cat/html/docencia-per-centre/general-I78530.php"
"1740066236-164","https://guiadocent.urv.cat/guido/public/centres/497/ensenyaments/3489/assignatures/113253/guia_docent","Font Mas,  Maria","http://www.urv.cat/html/docencia-per-centre/general-I11177.php"
"1740066236-165","https://guiadocent.urv.cat/guido/public/centres/497/ensenyaments/3489/assignatures/113253/guia_docent","Moreno Urpi,  Alexandre","http://www.urv.cat/html/docencia-per-centre/general-I70992.php"
"1740066236-166","https://guiadocent.urv.cat/guido/public/centres/497/ensenyaments/3489/assignatures/113253/guia_docent","Perdiguero Garreta,  Carles","http://www.urv.cat/html/docencia-per-centre/general-I15684.php"
"1740066241-167","https://guiadocent.urv.cat/guido/public/centres/497/ensenyaments/3489/assignatures/115773/guia_docent","Fuguet Carles,  Xènia","http://www.urv.cat/html/docencia-per-centre/general-I15302.php"
"1740066241-168","https://guiadocent.urv.cat/guido/public/centres/497/ensenyaments/3489/assignatures/115773/guia_docent","Garcia Colet,  Francisco De Asis","http://www.urv.cat/html/docencia-per-centre/general-I84070.php"
"1740066241-169","https://guiadocent.urv.cat/guido/public/centres/497/ensenyaments/3489/assignatures/115773/guia_docent","Latorre Guillorme,  Pilar","http://www.urv.cat/html/docencia-per-centre/general-I93416.php"
"1740066241-170","https://guiadocent.urv.cat/guido/public/centres/497/ensenyaments/3489/assignatures/115773/guia_docent","Nasarre Aznar,  Sergio","http://www.urv.cat/html/docencia-per-centre/general-I7053.php"
"1740066241-171","https://guiadocent.urv.cat/guido/public/centres/497/ensenyaments/3489/assignatures/115773/guia_docent","Simon Moreno,  Héctor","http://www.urv.cat/html/docencia-per-centre/general-I15109.php"
"1740066241-172","https://guiadocent.urv.cat/guido/public/centres/497/ensenyaments/3489/assignatures/115773/guia_docent","Villó Travé,  Cristina","http://www.urv.cat/html/docencia-per-centre/general-I26924.php"
"1740066247-173","https://guiadocent.urv.cat/guido/public/centres/497/ensenyaments/3442/assignatures/115763/guia_docent","Font Mas,  Maria","http://www.urv.cat/html/docencia-per-centre/general-I11177.php"
"1740066247-174","https://guiadocent.urv.cat/guido/public/centres/497/ensenyaments/3442/assignatures/115763/guia_docent","Franquet Sugrañes,  Maria Teresa","http://www.urv.cat/html/docencia-per-centre/general-I7057.php"
"1740066247-175","https://guiadocent.urv.cat/guido/public/centres/497/ensenyaments/3442/assignatures/115763/guia_docent","Guerrero Vizuete,  Maria Esther","http://www.urv.cat/html/docencia-per-centre/general-I19019.php"
"1740066247-176","https://guiadocent.urv.cat/guido/public/centres/497/ensenyaments/3442/assignatures/115763/guia_docent","Gómez Buendia,  Maria Del Carmen","http://www.urv.cat/html/docencia-per-centre/general-I13811.php"
"1740066247-177","https://guiadocent.urv.cat/guido/public/centres/497/ensenyaments/3442/assignatures/115763/guia_docent","Simon Moreno,  Héctor","http://www.urv.cat/html/docencia-per-centre/general-I15109.php"
"1740066247-178","https://guiadocent.urv.cat/guido/public/centres/497/ensenyaments/3442/assignatures/115763/guia_docent","Villca Pozo,  Milenka","http://www.urv.cat/html/docencia-per-centre/general-I18431.php"
"1740066255-179","https://guiadocent.urv.cat/guido/public/centres/497/ensenyaments/3442/assignatures/113242/guia_docent","Adan Domenech,  Federico","http://www.urv.cat/html/docencia-per-centre/general-I7055.php"
"1740066255-180","https://guiadocent.urv.cat/guido/public/centres/497/ensenyaments/3442/assignatures/113242/guia_docent","Casanova Martí,  Roser","http://www.urv.cat/html/docencia-per-centre/general-I26932.php"
"1740066255-181","https://guiadocent.urv.cat/guido/public/centres/497/ensenyaments/3442/assignatures/113242/guia_docent","Rivas Nieto,  María Estela","http://www.urv.cat/html/docencia-per-centre/general-I7370.php"
"1740066255-182","https://guiadocent.urv.cat/guido/public/centres/497/ensenyaments/3442/assignatures/113242/guia_docent","Urquizu Cavallé,  Ángel","http://www.urv.cat/html/docencia-per-centre/general-I1970.php"
"1740066255-183","https://guiadocent.urv.cat/guido/public/centres/497/ensenyaments/3442/assignatures/113242/guia_docent","Villca Pozo,  Milenka","http://www.urv.cat/html/docencia-per-centre/general-I18431.php"
"1740066261-184","https://guiadocent.urv.cat/guido/public/centres/497/ensenyaments/3442/assignatures/114984/guia_docent","Villca Pozo,  Milenka","http://www.urv.cat/html/docencia-per-centre/general-I18431.php"
"1740066269-185","https://guiadocent.urv.cat/guido/public/centres/497/ensenyaments/3442/assignatures/113244/guia_docent","Villca Pozo,  Milenka","http://www.urv.cat/html/docencia-per-centre/general-I18431.php"
"1740066275-186","https://guiadocent.urv.cat/guido/public/centres/497/ensenyaments/3442/assignatures/114940/guia_docent","Bosch Capdevila,  Esteban","http://www.urv.cat/html/docencia-per-centre/general-I531.php"
"1740066275-187","https://guiadocent.urv.cat/guido/public/centres/497/ensenyaments/3442/assignatures/114940/guia_docent","Giménez Costa,  Ana","http://www.urv.cat/html/docencia-per-centre/general-I7165.php"
"1740066275-188","https://guiadocent.urv.cat/guido/public/centres/497/ensenyaments/3442/assignatures/114940/guia_docent","Villca Pozo,  Milenka","http://www.urv.cat/html/docencia-per-centre/general-I18431.php"
"1740066282-189","https://guiadocent.urv.cat/guido/public/centres/497/ensenyaments/3442/assignatures/114985/guia_docent","Villca Pozo,  Milenka","http://www.urv.cat/html/docencia-per-centre/general-I18431.php"
"1740066289-190","https://guiadocent.urv.cat/guido/public/centres/497/ensenyaments/3442/assignatures/113241/guia_docent","Villca Pozo,  Milenka","http://www.urv.cat/html/docencia-per-centre/general-I18431.php"
"1740066296-191","https://guiadocent.urv.cat/guido/public/centres/497/ensenyaments/3442/assignatures/114941/guia_docent","Villca Pozo,  Milenka","http://www.urv.cat/html/docencia-per-centre/general-I18431.php"
"1740066303-192","https://guiadocent.urv.cat/guido/public/centres/497/ensenyaments/3442/assignatures/114939/guia_docent","Milà Barnés,  Xavier","http://www.urv.cat/html/docencia-per-centre/general-I18341.php"
"1740066309-193","https://guiadocent.urv.cat/guido/public/centres/497/ensenyaments/3442/assignatures/114938/guia_docent","Villca Pozo,  Milenka","http://www.urv.cat/html/docencia-per-centre/general-I18431.php"
"1740066315-194","https://guiadocent.urv.cat/guido/public/centres/497/ensenyaments/3442/assignatures/113034/guia_docent","Holgado Esteban,  Juan","http://www.urv.cat/html/docencia-per-centre/general-I55789.php"
"1740066315-195","https://guiadocent.urv.cat/guido/public/centres/497/ensenyaments/3442/assignatures/113034/guia_docent","Piedra Arjona,  Jorge","http://www.urv.cat/html/docencia-per-centre/general-I73955.php"
"1740066315-196","https://guiadocent.urv.cat/guido/public/centres/497/ensenyaments/3442/assignatures/113034/guia_docent","Villca Pozo,  Milenka","http://www.urv.cat/html/docencia-per-centre/general-I18431.php"
"1740066322-197","https://guiadocent.urv.cat/guido/public/centres/497/ensenyaments/3442/assignatures/113035/guia_docent","Villca Pozo,  Milenka","http://www.urv.cat/html/docencia-per-centre/general-I18431.php"
"1740066332-198","https://guiadocent.urv.cat/guido/public/centres/497/ensenyaments/3442/assignatures/113243/guia_docent","Guerrero Vizuete,  Maria Esther","http://www.urv.cat/html/docencia-per-centre/general-I19019.php"
"1740066332-199","https://guiadocent.urv.cat/guido/public/centres/497/ensenyaments/3442/assignatures/113243/guia_docent","Villca Pozo,  Milenka","http://www.urv.cat/html/docencia-per-centre/general-I18431.php"
"1740066340-200","https://guiadocent.urv.cat/guido/public/centres/497/ensenyaments/3442/assignatures/116651/guia_docent","Adan Domenech,  Federico","http://www.urv.cat/html/docencia-per-centre/general-I7055.php"
"1740066340-201","https://guiadocent.urv.cat/guido/public/centres/497/ensenyaments/3442/assignatures/116651/guia_docent","Nasarre Aznar,  Sergio","http://www.urv.cat/html/docencia-per-centre/general-I7053.php"
"1740066340-202","https://guiadocent.urv.cat/guido/public/centres/497/ensenyaments/3442/assignatures/116651/guia_docent","Villca Pozo,  Milenka","http://www.urv.cat/html/docencia-per-centre/general-I18431.php"
"1740066346-203","https://guiadocent.urv.cat/guido/public/centres/497/ensenyaments/3442/assignatures/114517/guia_docent","Fuguet Carles,  Xènia","http://www.urv.cat/html/docencia-per-centre/general-I15302.php"
"1740066346-204","https://guiadocent.urv.cat/guido/public/centres/497/ensenyaments/3442/assignatures/114517/guia_docent","Gómez Buendia,  Maria Del Carmen","http://www.urv.cat/html/docencia-per-centre/general-I13811.php"
"1740066346-205","https://guiadocent.urv.cat/guido/public/centres/497/ensenyaments/3442/assignatures/114517/guia_docent","Villca Pozo,  Milenka","http://www.urv.cat/html/docencia-per-centre/general-I18431.php"
"1740066352-206","https://guiadocent.urv.cat/guido/public/centres/493/ensenyaments/3551/assignatures/116928/guia_docent","Jiménez González,  José Miguel","http://www.urv.cat/html/docencia-per-centre/general-I1976.php"
"1740066360-207","https://guiadocent.urv.cat/guido/public/centres/493/ensenyaments/3551/assignatures/116747/guia_docent","Lázaro Cantabrana,  José Luis","http://www.urv.cat/html/docencia-per-centre/general-I8418.php"
"1740066366-208","https://guiadocent.urv.cat/guido/public/centres/493/ensenyaments/3551/assignatures/116768/guia_docent","Conde Vila,  Míriam","http://www.urv.cat/html/docencia-per-centre/general-I34926.php"
"1740066373-209","https://guiadocent.urv.cat/guido/public/centres/493/ensenyaments/3551/assignatures/116724/guia_docent","Carrera Farran,  Francisco Javier","http://www.urv.cat/html/docencia-per-centre/general-I17330.php"
"1740066388-210","https://guiadocent.urv.cat/guido/public/centres/493/ensenyaments/3551/assignatures/116766/guia_docent","Serrano Sánchez,  José Luis","http://www.urv.cat/html/docencia-per-centre/general-I46602.php"
"1740066388-211","https://guiadocent.urv.cat/guido/public/centres/493/ensenyaments/3551/assignatures/116766/guia_docent","Sánchez Vera,  Maria Del Mar","http://www.urv.cat/html/docencia-per-centre/general-I38350.php"
"1740066402-212","https://guiadocent.urv.cat/guido/public/centres/493/ensenyaments/3551/assignatures/116767/guia_docent","Molero Aranda,  Tania","http://www.urv.cat/html/docencia-per-centre/general-I57049.php"
"1740066410-213","https://guiadocent.urv.cat/guido/public/centres/493/ensenyaments/3551/assignatures/116746/guia_docent","Castañeda Quintero,  Linda","http://www.urv.cat/html/docencia-per-centre/general-I38352.php"
"1740066410-214","https://guiadocent.urv.cat/guido/public/centres/493/ensenyaments/3551/assignatures/116746/guia_docent","Prendes Espinosa,  Maria Paz","http://www.urv.cat/html/docencia-per-centre/general-I17341.php"
"1740066418-215","https://guiadocent.urv.cat/guido/public/centres/493/ensenyaments/3551/assignatures/116765/guia_docent","Solano Fernández,  Isabel","http://www.urv.cat/html/docencia-per-centre/general-I38351.php"
"1740066418-216","https://guiadocent.urv.cat/guido/public/centres/493/ensenyaments/3551/assignatures/116765/guia_docent","Urbina Ramírez,  Santos","http://www.urv.cat/html/docencia-per-centre/general-I17338.php"
"1740066425-217","https://guiadocent.urv.cat/guido/public/centres/493/ensenyaments/3551/assignatures/116834/guia_docent","Usart Rodríguez,  Mireia","http://www.urv.cat/html/docencia-per-centre/general-I64689.php"
"1740066425-218","https://guiadocent.urv.cat/guido/public/centres/493/ensenyaments/3551/assignatures/116834/guia_docent","Vaquero Tió,  Eduard","http://www.urv.cat/html/docencia-per-centre/general-I73131.php"
"1740066433-219","https://guiadocent.urv.cat/guido/public/centres/493/ensenyaments/3551/assignatures/116721/guia_docent","Conde Vila,  Míriam","http://www.urv.cat/html/docencia-per-centre/general-I34926.php"
"1740066440-220","https://guiadocent.urv.cat/guido/public/centres/493/ensenyaments/3551/assignatures/116927/guia_docent","González Calatayud,  Víctor","http://www.urv.cat/html/docencia-per-centre/general-I61690.php"
"1740066440-221","https://guiadocent.urv.cat/guido/public/centres/493/ensenyaments/3551/assignatures/116927/guia_docent","Gutiérrez Porlán,  Isabel","http://www.urv.cat/html/docencia-per-centre/general-I38353.php"
"1740066446-222","https://guiadocent.urv.cat/guido/public/centres/493/ensenyaments/3551/assignatures/116722/guia_docent","Darder Mesquida,  Antònia","http://www.urv.cat/html/docencia-per-centre/general-I46601.php"
"1740066460-223","https://guiadocent.urv.cat/guido/public/centres/493/ensenyaments/3551/assignatures/116849/guia_docent","Coiduras Rodríguez,  Jordi Lluis","http://www.urv.cat/html/docencia-per-centre/general-I17331.php"
"1740066460-224","https://guiadocent.urv.cat/guido/public/centres/493/ensenyaments/3551/assignatures/116849/guia_docent","Molero Aranda,  Tania","http://www.urv.cat/html/docencia-per-centre/general-I57049.php"
"1740066460-225","https://guiadocent.urv.cat/guido/public/centres/493/ensenyaments/3551/assignatures/116849/guia_docent","Pérez I Garcias,  Adolfina","http://www.urv.cat/html/docencia-per-centre/general-I17332.php"
"1740066467-226","https://guiadocent.urv.cat/guido/public/centres/493/ensenyaments/3551/assignatures/116769/guia_docent","Lutfi Gilabert,  Tàrek","http://www.urv.cat/html/docencia-per-centre/general-I7144.php"
"1740066467-227","https://guiadocent.urv.cat/guido/public/centres/493/ensenyaments/3551/assignatures/116769/guia_docent","Lázaro Cantabrana,  José Luis","http://www.urv.cat/html/docencia-per-centre/general-I8418.php"
"1740066474-228","https://guiadocent.urv.cat/guido/public/centres/493/ensenyaments/3551/assignatures/116850/guia_docent","Negre Bennasar,  Francisca","http://www.urv.cat/html/docencia-per-centre/general-I17334.php"
"1740066480-229","https://guiadocent.urv.cat/guido/public/centres/493/ensenyaments/3551/assignatures/116847/guia_docent","Esteve Gonzalez,  Vanessa","http://www.urv.cat/html/docencia-per-centre/general-I13257.php"
"1740066486-230","https://guiadocent.urv.cat/guido/public/centres/493/ensenyaments/3551/assignatures/116726/guia_docent","De Benito Crosetti,  Bárbara","http://www.urv.cat/html/docencia-per-centre/general-I17333.php"
"1740066486-231","https://guiadocent.urv.cat/guido/public/centres/493/ensenyaments/3551/assignatures/116726/guia_docent","Gutiérrez Porlán,  Isabel","http://www.urv.cat/html/docencia-per-centre/general-I38353.php"
"1740066486-232","https://guiadocent.urv.cat/guido/public/centres/493/ensenyaments/3551/assignatures/116726/guia_docent","Sánchez Vera,  Maria Del Mar","http://www.urv.cat/html/docencia-per-centre/general-I38350.php"
"1740066493-233","https://guiadocent.urv.cat/guido/public/centres/493/ensenyaments/3551/assignatures/116846/guia_docent","Brescó Baiges,  Enric","http://www.urv.cat/html/docencia-per-centre/general-I38348.php"
"1740066493-234","https://guiadocent.urv.cat/guido/public/centres/493/ensenyaments/3551/assignatures/116846/guia_docent","Carrera Farran,  Francisco Javier","http://www.urv.cat/html/docencia-per-centre/general-I17330.php"
"1740066493-235","https://guiadocent.urv.cat/guido/public/centres/493/ensenyaments/3551/assignatures/116846/guia_docent","Castañeda Quintero,  Linda","http://www.urv.cat/html/docencia-per-centre/general-I38352.php"
"1740066493-236","https://guiadocent.urv.cat/guido/public/centres/493/ensenyaments/3551/assignatures/116846/guia_docent","Coiduras Rodríguez,  Jordi Lluis","http://www.urv.cat/html/docencia-per-centre/general-I17331.php"
"1740066493-237","https://guiadocent.urv.cat/guido/public/centres/493/ensenyaments/3551/assignatures/116846/guia_docent","Conde Vila,  Míriam","http://www.urv.cat/html/docencia-per-centre/general-I34926.php"
"1740066493-238","https://guiadocent.urv.cat/guido/public/centres/493/ensenyaments/3551/assignatures/116846/guia_docent","Darder Mesquida,  Antònia","http://www.urv.cat/html/docencia-per-centre/general-I46601.php"
"1740066493-239","https://guiadocent.urv.cat/guido/public/centres/493/ensenyaments/3551/assignatures/116846/guia_docent","De Benito Crosetti,  Bárbara","http://www.urv.cat/html/docencia-per-centre/general-I17333.php"
"1740066493-240","https://guiadocent.urv.cat/guido/public/centres/493/ensenyaments/3551/assignatures/116846/guia_docent","Gisbert Cervera,  Maria Mercedes","http://www.urv.cat/html/docencia-per-centre/general-I1925.php"
"1740066493-241","https://guiadocent.urv.cat/guido/public/centres/493/ensenyaments/3551/assignatures/116846/guia_docent","Gonzalez Martinez,  Juan","http://www.urv.cat/html/docencia-per-centre/general-I16563.php"
"1740066493-242","https://guiadocent.urv.cat/guido/public/centres/493/ensenyaments/3551/assignatures/116846/guia_docent","Gutiérrez Porlán,  Isabel","http://www.urv.cat/html/docencia-per-centre/general-I38353.php"
"1740066493-243","https://guiadocent.urv.cat/guido/public/centres/493/ensenyaments/3551/assignatures/116846/guia_docent","Lores Gómez,  Beatriz","http://www.urv.cat/html/docencia-per-centre/general-I67651.php"
"1740066493-244","https://guiadocent.urv.cat/guido/public/centres/493/ensenyaments/3551/assignatures/116846/guia_docent","Lázaro Cantabrana,  José Luis","http://www.urv.cat/html/docencia-per-centre/general-I8418.php"
"1740066493-245","https://guiadocent.urv.cat/guido/public/centres/493/ensenyaments/3551/assignatures/116846/guia_docent","Molero Aranda,  Tania","http://www.urv.cat/html/docencia-per-centre/general-I57049.php"
"1740066493-246","https://guiadocent.urv.cat/guido/public/centres/493/ensenyaments/3551/assignatures/116846/guia_docent","Negre Bennasar,  Francisca","http://www.urv.cat/html/docencia-per-centre/general-I17334.php"
"1740066493-247","https://guiadocent.urv.cat/guido/public/centres/493/ensenyaments/3551/assignatures/116846/guia_docent","Ojando Pons,  Elena Sofia","http://www.urv.cat/html/docencia-per-centre/general-I111440.php"
"1740066493-248","https://guiadocent.urv.cat/guido/public/centres/493/ensenyaments/3551/assignatures/116846/guia_docent","Palau Martin,  Ramon Felix","http://www.urv.cat/html/docencia-per-centre/general-I12577.php"
"1740066493-249","https://guiadocent.urv.cat/guido/public/centres/493/ensenyaments/3551/assignatures/116846/guia_docent","Prendes Espinosa,  Maria Paz","http://www.urv.cat/html/docencia-per-centre/general-I17341.php"
"1740066493-250","https://guiadocent.urv.cat/guido/public/centres/493/ensenyaments/3551/assignatures/116846/guia_docent","Pérez I Garcias,  Adolfina","http://www.urv.cat/html/docencia-per-centre/general-I17332.php"
"1740066493-251","https://guiadocent.urv.cat/guido/public/centres/493/ensenyaments/3551/assignatures/116846/guia_docent","Salinas Ibáñez,  Jesús Maria","http://www.urv.cat/html/docencia-per-centre/general-I17335.php"
"1740066493-252","https://guiadocent.urv.cat/guido/public/centres/493/ensenyaments/3551/assignatures/116846/guia_docent","Serrano Sánchez,  José Luis","http://www.urv.cat/html/docencia-per-centre/general-I46602.php"
"1740066493-253","https://guiadocent.urv.cat/guido/public/centres/493/ensenyaments/3551/assignatures/116846/guia_docent","Simo Pinatella,  David","http://www.urv.cat/html/docencia-per-centre/general-I111500.php"
"1740066493-254","https://guiadocent.urv.cat/guido/public/centres/493/ensenyaments/3551/assignatures/116846/guia_docent","Solano Fernández,  Isabel","http://www.urv.cat/html/docencia-per-centre/general-I38351.php"
"1740066493-255","https://guiadocent.urv.cat/guido/public/centres/493/ensenyaments/3551/assignatures/116846/guia_docent","Sánchez Vera,  Maria Del Mar","http://www.urv.cat/html/docencia-per-centre/general-I38350.php"
"1740066493-256","https://guiadocent.urv.cat/guido/public/centres/493/ensenyaments/3551/assignatures/116846/guia_docent","Tur Ferrer,  Gemma","http://www.urv.cat/html/docencia-per-centre/general-I66529.php"
"1740066493-257","https://guiadocent.urv.cat/guido/public/centres/493/ensenyaments/3551/assignatures/116846/guia_docent","Urbina Ramírez,  Santos","http://www.urv.cat/html/docencia-per-centre/general-I17338.php"
"1740066500-258","https://guiadocent.urv.cat/guido/public/centres/493/ensenyaments/3551/assignatures/116848/guia_docent","Espuny Vidal,  Maria Cinta","http://www.urv.cat/html/docencia-per-centre/general-I21424.php"
"1740066500-259","https://guiadocent.urv.cat/guido/public/centres/493/ensenyaments/3551/assignatures/116848/guia_docent","Tur Ferrer,  Gemma","http://www.urv.cat/html/docencia-per-centre/general-I66529.php"
"1740066514-260","https://guiadocent.urv.cat/guido/public/centres/493/ensenyaments/3551/assignatures/116745/guia_docent","Salinas Ibáñez,  Jesús Maria","http://www.urv.cat/html/docencia-per-centre/general-I17335.php"
"1740066521-261","https://guiadocent.urv.cat/guido/public/centres/493/ensenyaments/3551/assignatures/116723/guia_docent","Brescó Baiges,  Enric","http://www.urv.cat/html/docencia-per-centre/general-I38348.php"
"1740066528-262","https://guiadocent.urv.cat/guido/public/centres/500/ensenyaments/3541/assignatures/116807/guia_docent","Bazo Hernández,  Leticia","http://www.urv.cat/html/docencia-per-centre/general-I27469.php"
"1740066528-263","https://guiadocent.urv.cat/guido/public/centres/500/ensenyaments/3541/assignatures/116807/guia_docent","Berenguer Poblet,  Marta","http://www.urv.cat/html/docencia-per-centre/general-I14134.php"
"1740066528-264","https://guiadocent.urv.cat/guido/public/centres/500/ensenyaments/3541/assignatures/116807/guia_docent","Fernández Sáez,  José","http://www.urv.cat/html/docencia-per-centre/general-I72329.php"
"1740066528-265","https://guiadocent.urv.cat/guido/public/centres/500/ensenyaments/3541/assignatures/116807/guia_docent","Malumbres Talavera,  Jenifer","http://www.urv.cat/html/docencia-per-centre/general-I108113.php"
"1740066528-266","https://guiadocent.urv.cat/guido/public/centres/500/ensenyaments/3541/assignatures/116807/guia_docent","Pérez Martí,  Montserrat","http://www.urv.cat/html/docencia-per-centre/general-I89578.php"
"1740066528-267","https://guiadocent.urv.cat/guido/public/centres/500/ensenyaments/3541/assignatures/116807/guia_docent","Torrubia Pérez,  Elisabet","http://www.urv.cat/html/docencia-per-centre/general-I66630.php"
"1740066547-268","https://guiadocent.urv.cat/guido/public/centres/500/ensenyaments/3541/assignatures/116805/guia_docent","Clua Espuny,  Josep Lluís","http://www.urv.cat/html/docencia-per-centre/general-I70091.php"
"1740066561-269","https://guiadocent.urv.cat/guido/public/centres/500/ensenyaments/3541/assignatures/116806/guia_docent","Vives Espelta,  Judit","http://www.urv.cat/html/docencia-per-centre/general-I54230.php"
"1740066580-270","https://guiadocent.urv.cat/guido/public/centres/500/ensenyaments/3541/assignatures/116775/guia_docent","Esteve Ferran,  Jesus","http://www.urv.cat/html/docencia-per-centre/general-I71332.php"
"1740066631-271","https://guiadocent.urv.cat/guido/public/centres/500/ensenyaments/3541/assignatures/116804/guia_docent","Casanova Garrigos,  Georgina","http://www.urv.cat/html/docencia-per-centre/general-I56011.php"
"1740066631-272","https://guiadocent.urv.cat/guido/public/centres/500/ensenyaments/3541/assignatures/116804/guia_docent","Tejada Musté,  Raquel","http://www.urv.cat/html/docencia-per-centre/general-I71150.php"
"1740066685-273","https://guiadocent.urv.cat/guido/public/centres/501/ensenyaments/3553/assignatures/116950/guia_docent","Balmaseda Rubina,  Aitor","http://www.urv.cat/html/docencia-per-centre/general-I51576.php"
"1740066685-274","https://guiadocent.urv.cat/guido/public/centres/501/ensenyaments/3553/assignatures/116950/guia_docent","Beltran Casellas,  Gemma","http://www.urv.cat/html/docencia-per-centre/general-I11439.php"
"1740066685-275","https://guiadocent.urv.cat/guido/public/centres/501/ensenyaments/3553/assignatures/116950/guia_docent","Pons Mercadé,  Pere","http://www.urv.cat/html/docencia-per-centre/general-I54789.php"
"1740066685-276","https://guiadocent.urv.cat/guido/public/centres/501/ensenyaments/3553/assignatures/116950/guia_docent","Salvat Salvat,  Jaume","http://www.urv.cat/html/docencia-per-centre/general-I876.php"
"1740066691-277","https://guiadocent.urv.cat/guido/public/centres/501/ensenyaments/3553/assignatures/116864/guia_docent","Salvat Salvat,  Jaume","http://www.urv.cat/html/docencia-per-centre/general-I876.php"
"1740066697-278","https://guiadocent.urv.cat/guido/public/centres/501/ensenyaments/3553/assignatures/116903/guia_docent","Salvat Salvat,  Jaume","http://www.urv.cat/html/docencia-per-centre/general-I876.php"
"1740066697-279","https://guiadocent.urv.cat/guido/public/centres/501/ensenyaments/3553/assignatures/116903/guia_docent","Weisberg ,  Cecilie","http://www.urv.cat/html/docencia-per-centre/general-I111233.php"
"1740066703-280","https://guiadocent.urv.cat/guido/public/centres/501/ensenyaments/3553/assignatures/116909/guia_docent","Mas Baron,  Alberto","http://www.urv.cat/html/docencia-per-centre/general-I2054.php"
"1740066703-281","https://guiadocent.urv.cat/guido/public/centres/501/ensenyaments/3553/assignatures/116909/guia_docent","Salvat Salvat,  Jaume","http://www.urv.cat/html/docencia-per-centre/general-I876.php"
"1740066708-282","https://guiadocent.urv.cat/guido/public/centres/501/ensenyaments/3553/assignatures/116902/guia_docent","Rabassa Figueras,  Maria Noemí","http://www.urv.cat/html/docencia-per-centre/general-I5065.php"
"1740066708-283","https://guiadocent.urv.cat/guido/public/centres/501/ensenyaments/3553/assignatures/116902/guia_docent","Salvat Salvat,  Jaume","http://www.urv.cat/html/docencia-per-centre/general-I876.php"
"1740066720-284","https://guiadocent.urv.cat/guido/public/centres/501/ensenyaments/3553/assignatures/116911/guia_docent","Llauradó Reverchon,  José María","http://www.urv.cat/html/docencia-per-centre/general-I5301.php"
"1740066726-285","https://guiadocent.urv.cat/guido/public/centres/501/ensenyaments/3553/assignatures/116808/guia_docent","Salvat Salvat,  Jaume","http://www.urv.cat/html/docencia-per-centre/general-I876.php"
"1740066733-286","https://guiadocent.urv.cat/guido/public/centres/501/ensenyaments/3553/assignatures/116731/guia_docent","Beltran Casellas,  Gemma","http://www.urv.cat/html/docencia-per-centre/general-I11439.php"
"1740066733-287","https://guiadocent.urv.cat/guido/public/centres/501/ensenyaments/3553/assignatures/116731/guia_docent","Weisberg ,  Cecilie","http://www.urv.cat/html/docencia-per-centre/general-I111233.php"
"1740066738-288","https://guiadocent.urv.cat/guido/public/centres/501/ensenyaments/3553/assignatures/116862/guia_docent","Duro Moreno,  Juan Antonio","http://www.urv.cat/html/docencia-per-centre/general-I11205.php"
"1740066751-289","https://guiadocent.urv.cat/guido/public/centres/498/ensenyaments/3544/assignatures/116779/guia_docent","Muñoz Sobrado,  Esteban","http://www.urv.cat/html/docencia-per-centre/general-I109769.php"
"1740066751-290","https://guiadocent.urv.cat/guido/public/centres/498/ensenyaments/3544/assignatures/116779/guia_docent","Pascual Lorente,  Albert","http://www.urv.cat/html/docencia-per-centre/general-I7409.php"
"1740066758-291","https://guiadocent.urv.cat/guido/public/centres/498/ensenyaments/3544/assignatures/116875/guia_docent","Coca Sánchez,  Javier","http://www.urv.cat/html/docencia-per-centre/general-I41573.php"
"1740066758-292","https://guiadocent.urv.cat/guido/public/centres/498/ensenyaments/3544/assignatures/116875/guia_docent","Soria Leyva,  Eddy","http://www.urv.cat/html/docencia-per-centre/general-I96180.php"
"1740066796-293","https://guiadocent.urv.cat/guido/public/centres/498/ensenyaments/3544/assignatures/116894/guia_docent","Fernandez Herrero,  Laura","http://www.urv.cat/html/docencia-per-centre/general-I77029.php"
"1740066808-294","https://guiadocent.urv.cat/guido/public/centres/498/ensenyaments/3544/assignatures/116780/guia_docent","Manjón Antolín,  Miguel Carlos","http://www.urv.cat/html/docencia-per-centre/general-I670.php"
"1740066808-295","https://guiadocent.urv.cat/guido/public/centres/498/ensenyaments/3544/assignatures/116780/guia_docent","Martínez Ibáñez,  Oscar","http://www.urv.cat/html/docencia-per-centre/general-I12318.php"
"1740066808-296","https://guiadocent.urv.cat/guido/public/centres/498/ensenyaments/3544/assignatures/116780/guia_docent","Perez Laborda,  Alejandro","http://www.urv.cat/html/docencia-per-centre/general-I36984.php"
"1740066842-297","https://guiadocent.urv.cat/guido/public/centres/498/ensenyaments/3552/assignatures/116899/guia_docent","Segarra Blasco,  Antoni","http://www.urv.cat/html/docencia-per-centre/general-I76739.php"
"1740066861-298","https://guiadocent.urv.cat/guido/public/centres/498/ensenyaments/3552/assignatures/116920/guia_docent","Navas Portella,  Víctor","http://www.urv.cat/html/docencia-per-centre/general-I102593.php"
"1740066905-299","https://guiadocent.urv.cat/guido/public/centres/498/ensenyaments/3545/assignatures/116876/guia_docent","Muñoz Sobrado,  Esteban","http://www.urv.cat/html/docencia-per-centre/general-I109769.php"
"1740066905-300","https://guiadocent.urv.cat/guido/public/centres/498/ensenyaments/3545/assignatures/116876/guia_docent","Pascual Lorente,  Albert","http://www.urv.cat/html/docencia-per-centre/general-I7409.php"
"1740066912-301","https://guiadocent.urv.cat/guido/public/centres/498/ensenyaments/3545/assignatures/116757/guia_docent","Coca Sánchez,  Javier","http://www.urv.cat/html/docencia-per-centre/general-I41573.php"
"1740066912-302","https://guiadocent.urv.cat/guido/public/centres/498/ensenyaments/3545/assignatures/116757/guia_docent","Soria Leyva,  Eddy","http://www.urv.cat/html/docencia-per-centre/general-I96180.php"
"1740066951-303","https://guiadocent.urv.cat/guido/public/centres/498/ensenyaments/3545/assignatures/116781/guia_docent","Fernandez Herrero,  Laura","http://www.urv.cat/html/docencia-per-centre/general-I77029.php"
"1740066958-304","https://guiadocent.urv.cat/guido/public/centres/498/ensenyaments/3545/assignatures/116782/guia_docent","Manjón Antolín,  Miguel Carlos","http://www.urv.cat/html/docencia-per-centre/general-I670.php"
"1740066958-305","https://guiadocent.urv.cat/guido/public/centres/498/ensenyaments/3545/assignatures/116782/guia_docent","Martínez Ibáñez,  Oscar","http://www.urv.cat/html/docencia-per-centre/general-I12318.php"
"1740066958-306","https://guiadocent.urv.cat/guido/public/centres/498/ensenyaments/3545/assignatures/116782/guia_docent","Perez Laborda,  Alejandro","http://www.urv.cat/html/docencia-per-centre/general-I36984.php"
"1740066971-307","https://guiadocent.urv.cat/guido/public/centres/498/ensenyaments/3548/assignatures/117242/guia_docent","Coca Sánchez,  Javier","http://www.urv.cat/html/docencia-per-centre/general-I41573.php"
"1740066978-308","https://guiadocent.urv.cat/guido/public/centres/498/ensenyaments/3548/assignatures/116917/guia_docent","Muñoz Sobrado,  Esteban","http://www.urv.cat/html/docencia-per-centre/general-I109769.php"
"1740066978-309","https://guiadocent.urv.cat/guido/public/centres/498/ensenyaments/3548/assignatures/116917/guia_docent","Pascual Lorente,  Albert","http://www.urv.cat/html/docencia-per-centre/general-I7409.php"
"1740066986-310","https://guiadocent.urv.cat/guido/public/centres/498/ensenyaments/3548/assignatures/116778/guia_docent","Coca Sánchez,  Javier","http://www.urv.cat/html/docencia-per-centre/general-I41573.php"
"1740066986-311","https://guiadocent.urv.cat/guido/public/centres/498/ensenyaments/3548/assignatures/116778/guia_docent","Soria Leyva,  Eddy","http://www.urv.cat/html/docencia-per-centre/general-I96180.php"
"1740067025-312","https://guiadocent.urv.cat/guido/public/centres/498/ensenyaments/3548/assignatures/116756/guia_docent","Fernandez Herrero,  Laura","http://www.urv.cat/html/docencia-per-centre/general-I77029.php"
"1740067032-313","https://guiadocent.urv.cat/guido/public/centres/498/ensenyaments/3548/assignatures/116961/guia_docent","Manjón Antolín,  Miguel Carlos","http://www.urv.cat/html/docencia-per-centre/general-I670.php"
"1740067032-314","https://guiadocent.urv.cat/guido/public/centres/498/ensenyaments/3548/assignatures/116961/guia_docent","Martínez Ibáñez,  Oscar","http://www.urv.cat/html/docencia-per-centre/general-I12318.php"
"1740067032-315","https://guiadocent.urv.cat/guido/public/centres/498/ensenyaments/3548/assignatures/116961/guia_docent","Perez Laborda,  Alejandro","http://www.urv.cat/html/docencia-per-centre/general-I36984.php"
"1740067072-316","https://guiadocent.urv.cat/guido/public/centres/498/ensenyaments/3581/assignatures/116885/guia_docent","Segarra Blasco,  Antoni","http://www.urv.cat/html/docencia-per-centre/general-I76739.php"
"1740067091-317","https://guiadocent.urv.cat/guido/public/centres/498/ensenyaments/3581/assignatures/116939/guia_docent","Navas Portella,  Víctor","http://www.urv.cat/html/docencia-per-centre/general-I102593.php"
"1740067134-318","https://guiadocent.urv.cat/guido/public/centres/498/ensenyaments/3582/assignatures/116889/guia_docent","Muñoz Sobrado,  Esteban","http://www.urv.cat/html/docencia-per-centre/general-I109769.php"
"1740067134-319","https://guiadocent.urv.cat/guido/public/centres/498/ensenyaments/3582/assignatures/116889/guia_docent","Pascual Lorente,  Albert","http://www.urv.cat/html/docencia-per-centre/general-I7409.php"
"1740067144-320","https://guiadocent.urv.cat/guido/public/centres/498/ensenyaments/3582/assignatures/116798/guia_docent","Coca Sánchez,  Javier","http://www.urv.cat/html/docencia-per-centre/general-I41573.php"
"1740067144-321","https://guiadocent.urv.cat/guido/public/centres/498/ensenyaments/3582/assignatures/116798/guia_docent","Soria Leyva,  Eddy","http://www.urv.cat/html/docencia-per-centre/general-I96180.php"
"1740067178-322","https://guiadocent.urv.cat/guido/public/centres/498/ensenyaments/3582/assignatures/116830/guia_docent","Fernandez Herrero,  Laura","http://www.urv.cat/html/docencia-per-centre/general-I77029.php"
"1740067185-323","https://guiadocent.urv.cat/guido/public/centres/498/ensenyaments/3582/assignatures/116882/guia_docent","Manjón Antolín,  Miguel Carlos","http://www.urv.cat/html/docencia-per-centre/general-I670.php"
"1740067185-324","https://guiadocent.urv.cat/guido/public/centres/498/ensenyaments/3582/assignatures/116882/guia_docent","Martínez Ibáñez,  Oscar","http://www.urv.cat/html/docencia-per-centre/general-I12318.php"
"1740067185-325","https://guiadocent.urv.cat/guido/public/centres/498/ensenyaments/3582/assignatures/116882/guia_docent","Perez Laborda,  Alejandro","http://www.urv.cat/html/docencia-per-centre/general-I36984.php"
"1740067196-326","https://guiadocent.urv.cat/guido/public/centres/498/ensenyaments/3549/assignatures/116783/guia_docent","Muñoz Sobrado,  Esteban","http://www.urv.cat/html/docencia-per-centre/general-I109769.php"
"1740067196-327","https://guiadocent.urv.cat/guido/public/centres/498/ensenyaments/3549/assignatures/116783/guia_docent","Pascual Lorente,  Albert","http://www.urv.cat/html/docencia-per-centre/general-I7409.php"
"1740067203-328","https://guiadocent.urv.cat/guido/public/centres/498/ensenyaments/3549/assignatures/116879/guia_docent","Coca Sánchez,  Javier","http://www.urv.cat/html/docencia-per-centre/general-I41573.php"
"1740067203-329","https://guiadocent.urv.cat/guido/public/centres/498/ensenyaments/3549/assignatures/116879/guia_docent","Soria Leyva,  Eddy","http://www.urv.cat/html/docencia-per-centre/general-I96180.php"
"1740067243-330","https://guiadocent.urv.cat/guido/public/centres/498/ensenyaments/3549/assignatures/116737/guia_docent","Fernandez Herrero,  Laura","http://www.urv.cat/html/docencia-per-centre/general-I77029.php"
"1740067256-331","https://guiadocent.urv.cat/guido/public/centres/498/ensenyaments/3549/assignatures/116880/guia_docent","Manjón Antolín,  Miguel Carlos","http://www.urv.cat/html/docencia-per-centre/general-I670.php"
"1740067256-332","https://guiadocent.urv.cat/guido/public/centres/498/ensenyaments/3549/assignatures/116880/guia_docent","Martínez Ibáñez,  Oscar","http://www.urv.cat/html/docencia-per-centre/general-I12318.php"
"1740067256-333","https://guiadocent.urv.cat/guido/public/centres/498/ensenyaments/3549/assignatures/116880/guia_docent","Perez Laborda,  Alejandro","http://www.urv.cat/html/docencia-per-centre/general-I36984.php"
"1740067268-334","https://guiadocent.urv.cat/guido/public/centres/502/ensenyaments/3514/assignatures/113726/guia_docent","Artalejo Frigola,  Lucia","http://www.urv.cat/html/docencia-per-centre/general-I15422.php"
"1740067268-335","https://guiadocent.urv.cat/guido/public/centres/502/ensenyaments/3514/assignatures/113726/guia_docent","Balsells Virgili,  Lluís","http://www.urv.cat/html/docencia-per-centre/general-I22166.php"
"1740067268-336","https://guiadocent.urv.cat/guido/public/centres/502/ensenyaments/3514/assignatures/113726/guia_docent","Constantí Garriga,  Magdalena","http://www.urv.cat/html/docencia-per-centre/general-I1341.php"
"1740067268-337","https://guiadocent.urv.cat/guido/public/centres/502/ensenyaments/3514/assignatures/113726/guia_docent","Figueiredo De Jesus,  Manuel Antonio","http://www.urv.cat/html/docencia-per-centre/general-I28785.php"
"1740067268-338","https://guiadocent.urv.cat/guido/public/centres/502/ensenyaments/3514/assignatures/113726/guia_docent","Gómez Pardo,  Miguel Ángel","http://www.urv.cat/html/docencia-per-centre/general-I92997.php"
"1740067268-339","https://guiadocent.urv.cat/guido/public/centres/502/ensenyaments/3514/assignatures/113726/guia_docent","Sora Miana,  Beatriz","http://www.urv.cat/html/docencia-per-centre/general-I71729.php"
"1740067268-340","https://guiadocent.urv.cat/guido/public/centres/502/ensenyaments/3514/assignatures/113726/guia_docent","Tous Pallarés,  Jordi","http://www.urv.cat/html/docencia-per-centre/general-I2185.php"
"1740067274-341","https://guiadocent.urv.cat/guido/public/centres/502/ensenyaments/3514/assignatures/114998/guia_docent","Constantí Garriga,  Magdalena","http://www.urv.cat/html/docencia-per-centre/general-I1341.php"
"1740067283-342","https://guiadocent.urv.cat/guido/public/centres/502/ensenyaments/3514/assignatures/115000/guia_docent","Constantí Garriga,  Magdalena","http://www.urv.cat/html/docencia-per-centre/general-I1341.php"
"1740067291-343","https://guiadocent.urv.cat/guido/public/centres/502/ensenyaments/3514/assignatures/112774/guia_docent","Constantí Garriga,  Magdalena","http://www.urv.cat/html/docencia-per-centre/general-I1341.php"
"1740067297-344","https://guiadocent.urv.cat/guido/public/centres/502/ensenyaments/3514/assignatures/116668/guia_docent","Constantí Garriga,  Magdalena","http://www.urv.cat/html/docencia-per-centre/general-I1341.php"
"1740067297-345","https://guiadocent.urv.cat/guido/public/centres/502/ensenyaments/3514/assignatures/116668/guia_docent","Figueras Salvat,  María Josefa","http://www.urv.cat/html/docencia-per-centre/general-I530.php"
"1740067297-346","https://guiadocent.urv.cat/guido/public/centres/502/ensenyaments/3514/assignatures/116668/guia_docent","Salvadó Artells,  Marçal","http://www.urv.cat/html/docencia-per-centre/general-I9526.php"
"1740067297-347","https://guiadocent.urv.cat/guido/public/centres/502/ensenyaments/3514/assignatures/116668/guia_docent","Sanchis Talón,  Marta","http://www.urv.cat/html/docencia-per-centre/general-I36636.php"
"1740067304-348","https://guiadocent.urv.cat/guido/public/centres/502/ensenyaments/3514/assignatures/112775/guia_docent","Constantí Garriga,  Magdalena","http://www.urv.cat/html/docencia-per-centre/general-I1341.php"
"1740067310-349","https://guiadocent.urv.cat/guido/public/centres/502/ensenyaments/3514/assignatures/114999/guia_docent","Constantí Garriga,  Magdalena","http://www.urv.cat/html/docencia-per-centre/general-I1341.php"
"1740067317-350","https://guiadocent.urv.cat/guido/public/centres/502/ensenyaments/3514/assignatures/116274/guia_docent","Constantí Garriga,  Magdalena","http://www.urv.cat/html/docencia-per-centre/general-I1341.php"
"1740067317-351","https://guiadocent.urv.cat/guido/public/centres/502/ensenyaments/3514/assignatures/116274/guia_docent","Willekens Morales,  Rein Nicolás","http://www.urv.cat/html/docencia-per-centre/general-I98773.php"
"1740067324-352","https://guiadocent.urv.cat/guido/public/centres/502/ensenyaments/3514/assignatures/115843/guia_docent","Constantí Garriga,  Magdalena","http://www.urv.cat/html/docencia-per-centre/general-I1341.php"
"1740067324-353","https://guiadocent.urv.cat/guido/public/centres/502/ensenyaments/3514/assignatures/115843/guia_docent","Figueras Salvat,  María Josefa","http://www.urv.cat/html/docencia-per-centre/general-I530.php"
"1740067324-354","https://guiadocent.urv.cat/guido/public/centres/502/ensenyaments/3514/assignatures/115843/guia_docent","Salvadó Artells,  Marçal","http://www.urv.cat/html/docencia-per-centre/general-I9526.php"
"1740067324-355","https://guiadocent.urv.cat/guido/public/centres/502/ensenyaments/3514/assignatures/115843/guia_docent","Sanchis Talón,  Marta","http://www.urv.cat/html/docencia-per-centre/general-I36636.php"
"1740067330-356","https://guiadocent.urv.cat/guido/public/centres/502/ensenyaments/3514/assignatures/116273/guia_docent","Constantí Garriga,  Magdalena","http://www.urv.cat/html/docencia-per-centre/general-I1341.php"
"1740067330-357","https://guiadocent.urv.cat/guido/public/centres/502/ensenyaments/3514/assignatures/116273/guia_docent","Jiménez González,  José Miguel","http://www.urv.cat/html/docencia-per-centre/general-I1976.php"
"1740067337-358","https://guiadocent.urv.cat/guido/public/centres/502/ensenyaments/3514/assignatures/116669/guia_docent","Constantí Garriga,  Magdalena","http://www.urv.cat/html/docencia-per-centre/general-I1341.php"
"1740067337-359","https://guiadocent.urv.cat/guido/public/centres/502/ensenyaments/3514/assignatures/116669/guia_docent","Guerrero Vizuete,  Maria Esther","http://www.urv.cat/html/docencia-per-centre/general-I19019.php"
"1740067409-360","https://guiadocent.urv.cat/guido/public/centres/499/ensenyaments/3543/assignatures/116837/guia_docent","Manzano Doñabeitia,  Antonio","http://www.urv.cat/html/docencia-per-centre/general-I93174.php"
"1740067441-361","https://guiadocent.urv.cat/guido/public/centres/499/ensenyaments/3543/assignatures/116924/guia_docent","Castioni ,  Piergiorgio","http://www.urv.cat/html/docencia-per-centre/general-I87192.php"
"1740067441-362","https://guiadocent.urv.cat/guido/public/centres/499/ensenyaments/3543/assignatures/116924/guia_docent","Granell Martorell,  Clara","http://www.urv.cat/html/docencia-per-centre/general-I32812.php"
"1740067441-363","https://guiadocent.urv.cat/guido/public/centres/499/ensenyaments/3543/assignatures/116924/guia_docent","Gómez Jiménez,  Sergio","http://www.urv.cat/html/docencia-per-centre/general-I599.php"
"1740067441-364","https://guiadocent.urv.cat/guido/public/centres/499/ensenyaments/3543/assignatures/116924/guia_docent","Mattei ,  Mattia","http://www.urv.cat/html/docencia-per-centre/general-I84870.php"
"1740067441-365","https://guiadocent.urv.cat/guido/public/centres/499/ensenyaments/3543/assignatures/116924/guia_docent","Soriano Paños,  David","http://www.urv.cat/html/docencia-per-centre/general-I102373.php"
"1740067452-366","https://guiadocent.urv.cat/guido/public/centres/499/ensenyaments/3543/assignatures/116733/guia_docent","Yanes Torrado,  Óscar","http://www.urv.cat/html/docencia-per-centre/general-I28524.php"
"1740067537-367","https://guiadocent.urv.cat/guido/public/centres/504/ensenyaments/3547/assignatures/117804/guia_docent","Andreu Aguadé,  Josué","http://www.urv.cat/html/docencia-per-centre/general-I50890.php"
"1740067537-368","https://guiadocent.urv.cat/guido/public/centres/504/ensenyaments/3547/assignatures/117804/guia_docent","Moreno García,  David","http://www.urv.cat/html/docencia-per-centre/general-I66049.php"
"1740067542-369","https://guiadocent.urv.cat/guido/public/centres/504/ensenyaments/3547/assignatures/116828/guia_docent","Martin Saiz,  Rodrigo","http://www.urv.cat/html/docencia-per-centre/general-I15243.php"
"1740067546-370","https://guiadocent.urv.cat/guido/public/centres/504/ensenyaments/3547/assignatures/116827/guia_docent","Valero Macip,  Júlia","http://www.urv.cat/html/docencia-per-centre/general-I64491.php"
"1740067554-371","https://guiadocent.urv.cat/guido/public/centres/504/ensenyaments/3547/assignatures/116729/guia_docent","Casals Roca,  Raquel Inmaculada","http://www.urv.cat/html/docencia-per-centre/general-I13582.php"
"1740067554-372","https://guiadocent.urv.cat/guido/public/centres/504/ensenyaments/3547/assignatures/116729/guia_docent","Cuartero Betriu,  Gerard","http://www.urv.cat/html/docencia-per-centre/general-I18548.php"
"1740067554-373","https://guiadocent.urv.cat/guido/public/centres/504/ensenyaments/3547/assignatures/116729/guia_docent","Ferré Pueyo,  Gemma","http://www.urv.cat/html/docencia-per-centre/general-I61332.php"
"1740067554-374","https://guiadocent.urv.cat/guido/public/centres/504/ensenyaments/3547/assignatures/116729/guia_docent","Perez Sanchez,  Joaquin","http://www.urv.cat/html/docencia-per-centre/general-I13624.php"
"1740067558-375","https://guiadocent.urv.cat/guido/public/centres/504/ensenyaments/3547/assignatures/116826/guia_docent","Casals Roca,  Raquel Inmaculada","http://www.urv.cat/html/docencia-per-centre/general-I13582.php"
"1740067558-376","https://guiadocent.urv.cat/guido/public/centres/504/ensenyaments/3547/assignatures/116826/guia_docent","Cuartero Betriu,  Gerard","http://www.urv.cat/html/docencia-per-centre/general-I18548.php"
"1740067558-377","https://guiadocent.urv.cat/guido/public/centres/504/ensenyaments/3547/assignatures/116826/guia_docent","De Sola-Morales Serra,  Pau","http://www.urv.cat/html/docencia-per-centre/general-I15104.php"
"1740067558-378","https://guiadocent.urv.cat/guido/public/centres/504/ensenyaments/3547/assignatures/116826/guia_docent","Ferré Pueyo,  Gemma","http://www.urv.cat/html/docencia-per-centre/general-I61332.php"
"1740067558-379","https://guiadocent.urv.cat/guido/public/centres/504/ensenyaments/3547/assignatures/116826/guia_docent","Perez Sanchez,  Joaquin","http://www.urv.cat/html/docencia-per-centre/general-I13624.php"
"1740067562-380","https://guiadocent.urv.cat/guido/public/centres/504/ensenyaments/3547/assignatures/116931/guia_docent","Domingo Magaña,  José Ramon","http://www.urv.cat/html/docencia-per-centre/general-I13557.php"
"1740067562-381","https://guiadocent.urv.cat/guido/public/centres/504/ensenyaments/3547/assignatures/116931/guia_docent","Moreno García,  David","http://www.urv.cat/html/docencia-per-centre/general-I66049.php"
"1740067566-382","https://guiadocent.urv.cat/guido/public/centres/504/ensenyaments/3547/assignatures/116907/guia_docent","Martin Saiz,  Rodrigo","http://www.urv.cat/html/docencia-per-centre/general-I15243.php"
"1740067566-383","https://guiadocent.urv.cat/guido/public/centres/504/ensenyaments/3547/assignatures/116907/guia_docent","Serres Serres,  Josep Maria","http://www.urv.cat/html/docencia-per-centre/general-I36444.php"
"1740067569-384","https://guiadocent.urv.cat/guido/public/centres/504/ensenyaments/3547/assignatures/116825/guia_docent","Valero Macip,  Júlia","http://www.urv.cat/html/docencia-per-centre/general-I64491.php"
"1740067572-385","https://guiadocent.urv.cat/guido/public/centres/504/ensenyaments/3547/assignatures/116823/guia_docent","Civit Oró,  Jordi","http://www.urv.cat/html/docencia-per-centre/general-I111174.php"
"1740067572-386","https://guiadocent.urv.cat/guido/public/centres/504/ensenyaments/3547/assignatures/116823/guia_docent","Granero Diaz,  Juan Antonio","http://www.urv.cat/html/docencia-per-centre/general-I98853.php"
"1740067572-387","https://guiadocent.urv.cat/guido/public/centres/504/ensenyaments/3547/assignatures/116823/guia_docent","Kirchner Amor,  Ricardo","http://www.urv.cat/html/docencia-per-centre/general-I111175.php"
"1740067576-388","https://guiadocent.urv.cat/guido/public/centres/504/ensenyaments/3547/assignatures/116728/guia_docent","Casals Roca,  Raquel Inmaculada","http://www.urv.cat/html/docencia-per-centre/general-I13582.php"
"1740067576-389","https://guiadocent.urv.cat/guido/public/centres/504/ensenyaments/3547/assignatures/116728/guia_docent","Cuartero Betriu,  Gerard","http://www.urv.cat/html/docencia-per-centre/general-I18548.php"
"1740067576-390","https://guiadocent.urv.cat/guido/public/centres/504/ensenyaments/3547/assignatures/116728/guia_docent","Ferré Pueyo,  Gemma","http://www.urv.cat/html/docencia-per-centre/general-I61332.php"
"1740067576-391","https://guiadocent.urv.cat/guido/public/centres/504/ensenyaments/3547/assignatures/116728/guia_docent","Perez Sanchez,  Joaquin","http://www.urv.cat/html/docencia-per-centre/general-I13624.php"
"1740067580-392","https://guiadocent.urv.cat/guido/public/centres/504/ensenyaments/3547/assignatures/116822/guia_docent","Casals Roca,  Raquel Inmaculada","http://www.urv.cat/html/docencia-per-centre/general-I13582.php"
"1740067580-393","https://guiadocent.urv.cat/guido/public/centres/504/ensenyaments/3547/assignatures/116822/guia_docent","Cuartero Betriu,  Gerard","http://www.urv.cat/html/docencia-per-centre/general-I18548.php"
"1740067580-394","https://guiadocent.urv.cat/guido/public/centres/504/ensenyaments/3547/assignatures/116822/guia_docent","De Sola-Morales Serra,  Pau","http://www.urv.cat/html/docencia-per-centre/general-I15104.php"
"1740067580-395","https://guiadocent.urv.cat/guido/public/centres/504/ensenyaments/3547/assignatures/116822/guia_docent","Ferré Pueyo,  Gemma","http://www.urv.cat/html/docencia-per-centre/general-I61332.php"
"1740067580-396","https://guiadocent.urv.cat/guido/public/centres/504/ensenyaments/3547/assignatures/116822/guia_docent","Perez Sanchez,  Joaquin","http://www.urv.cat/html/docencia-per-centre/general-I13624.php"
"1740067582-397","https://guiadocent.urv.cat/guido/public/centres/504/ensenyaments/3547/assignatures/116824/guia_docent","Domingo Magaña,  José Ramon","http://www.urv.cat/html/docencia-per-centre/general-I13557.php"
"1740067582-398","https://guiadocent.urv.cat/guido/public/centres/504/ensenyaments/3547/assignatures/116824/guia_docent","Mallafrè Balsells,  Cèlia","http://www.urv.cat/html/docencia-per-centre/general-I62129.php"
